Vehicle ID,Passenger Cars,,
HJ61NQ34ZD0YSER2L,97772592,,
XLPBEYP1UTXQ6XYYJ,98786829,,
TXAC34TB1B809YEZH,38488232,,
E9Q3B3EA9D0G901M6,25192020,,
4JCCBZZ3ZMFBSQ0AG,37796863,,
VY8Y3M6GW65U0WNWK,23745754,,
9AVTA0RNKJR9YX2Z4,33356655,,
0RDQYYZ2H9T65KZXF,24921165,,
4PR8VZ1WTJZQLR1XW,42564813,,
JKVRLARJCF5ZH4S7T,45353628,,
G1R7N0B52KTA3TLEF,2900257,,
JZ1YXW4N9H8PQZZX4,2434390,,
WB7B7R0ADJREDEKT2,9534560,,
BDLNQJQDRSTT0AYYS,8271657,,
GZU6MJ1QQ8NA5UW0G,8082447,,
33WDU47DM1Z46KZGP,9600149,,
UJ9QF3CG52T5H556Y,17280979,,
B33UVJNPH62XXT7MF,15789766,,
WP5YMLADL9142G0DS,11934465,,
VF2V9J684WCDJNTT2,9595838,,
QSYWW9XPG5SD09DNT,3565018,,
E241TVNJBGK58M22U,4278954,,
YB7V6SSTLWAK5Z34F,37054811,,
FM0MNXHDA48SEAB2L,40867331,,
KG54TE8Q3WG0JTNRE,64560801,,
FY3H7KGL8WKJKAWU8,70021995,,
SM1VHF3H8VL5X9KUD,105845245,,
Q2QV0E2ZLSTQH0R85,110990662,,
0260M40XH1X22XYHW,21521177,,
WYREY29LNR9LQ2BU7,23271633,,
ZUR77U7MNJFQA242E,23381769,,
KSKGCJNUEEXLU17QA,20843998,,
JKKSAFXGPAWFJ7WVP,2346555,,
5ZR9EGDEYSVCNQ7HA,2161636,,
JWHCBT6D68Z4YA3R9,3959645,,
SMEVAD9FJ3XA7TYRG,4725996,,
BK270XAQM890J1HX3,7949724,,
FR6YSE7M8Y8V9040E,7562090,,
8T698XFSQCBRC6TRR,1846301,,
DJXVNZY5HNPMKMTLQ,2638853,,
FL9P5Y5VQDUN3ATNF,101835160,,
NWPKCZHH8T9865R22,95537786,,
PRMFWDCN95E1S2UWH,20895171,,
FLSDX1GKJ8LBQWJ27,20170661,,
9ES39AKP68957KKDP,10486584,,
F4WPJKX7NVTYY8EEG,6918716,,
NJUN51GU46CFVJ8JQ,5568546,,
04JF2WN2MVND4R43U,4618712,,
XCUXHTSEQX7SR06TR,240509652,,
E8BTQCE7ZDZSNZAKE,182505987,,
ST73BWTY7TCSLNA4L,6045075,,
VN2BW9ZMM558BTDTL,7943509,,
XXQAHJXKXKUFGJU8V,37742001,,
VNXF1P4MNTWY92WYX,34149281,,
7RMNS5QHKAKKUNWC2,120380785,,
PC4TBMGMTX2LVJL5A,93981185,,
JYB8KPYDEV2PFMTSJ,130721246,,
Z4UPJN73CHCBSHDDD,117515958,,
ETM7KRVN9EQ46EGB8,37395546,,
SDAWK39H5QWMZFZYU,39367419,,
XRVKP873RWJ72JD3T,27541268,,
F1KDZASNPAM0Z9ZBD,27671984,,
PLH41SEBVZGP75YW7,29792618,,
JRCHLTX659S96U4HY,21562820,,
WLQY5LK25G8XANU0J,81008245,,
9ZK1MVGWCK0LH68AD,100760191,,
QDECZWP1EXLCVA8N8,90792981,,
RU6S9STXRSZATDL1H,79471913,,
9RCRY2DKQ8SXTMQ23,170442417,,
D4Q4QN50KZ7W8D39L,170884307,,
2KTEUHPRJUG8UXBV8,31518993,,
G38CR923F4SMK2UWC,25497724,,
RFEN7J8LTV4E8E4GH,31559481,,
5BMHB6WESNRD4462K,27509916,,
0WYC8MZ5QHD3YQTE8,239916939,,
1SYE2DFYQLDYU0GR7,200800968,,
8JM55EF1QCVXNFSTN,67349740,,
QQYMR5C4G418CENRF,49203778,,
LP844GBKULFF3UVGF,43044371,,
KYQ13KQ2MJ6HPXHB9,36521258,,
Q5BVE2C0MNZFT1UV5,5197721,,
JFK73G7CBVK6PS1R5,4217683,,
2A1KKJV7KZL0FFZGC,36207902,,
904YZTR0L6QETJZSD,33703437,,
6RPLL5Z001A2TEL38,194330344,,
U00T78PFHY4GRAGBJ,160554603,,
V0MQ8Y33E3PGGPDKQ,40474734,,
BV9NDHXWZJKN7GTYD,42834720,,
KQSRX3FHQ6QC38FTP,9431146,,
YWTJ4CXRBEH510LPA,8217899,,
B29U1CPQ0GCKRR8QD,19457218,,
MZRBAKXP4NX7SGC4U,27714229,,
DX6AKVXAWYRHLEDB6,29331373,,
P0RUGTR1ACTZA0WCJ,73735788,,
RSJN7CMR6X0MCUQKA,70220539,,
392NN2AWARJ1WWS6K,21372980,,
CF9LDUUY7T8LFGK6Z,16124590,,
RVT5NKYWQKWJ85L6F,13543152,,
9CBC53S0V7J5DDBPE,54053843,,
DC78VZQM2LP85X53N,52897442,,
S5ND4KESMCVRX0F2G,62167368,,
0YUQCB252JT49GK04,64789651,,
SVJQY3X2446L04541,16400878,,
EWT11EG6X80FAGUFP,17339976,,
FM4U5QLB42MMCPA0D,151686746,,
3WQKNTZB5UPG0A60U,153740018,,
9XRD3K9NGCZ4XQSE5,4988443,,
ALJ5YX0Z5SKU1QH5G,6565955,,
KGKE4261DC4TEDSV7,323530032,,
TUV13MF2D58RL2SZB,346814094,,
QTXAMSGQB2WZXTALN,23232021,,
1WW8CPX3M4UFW5DSR,20836477,,
SEBJ410T0NFSF31YH,426762628,,
MPC9UR3ZTS2DPAPN7,364312751,,
FK91BXABWHE9R0GRQ,28684742,,
VFZNE71RCZ8TMED1K,22323290,,
FFHL9G6FJ3Z4UYBK7,8638931,,
74EJCQUU94Z1094A6,8602735,,
W3SA5TNU18M2TVHF2,7437184,,
7XEEEXY3X6W2FA5V7,5960177,,
3P93JZS4L7P7T7H30,28405293,,
LLF2ECU9B9H1FM4NJ,24894142,,
6MX91AKKTBQY9UYN0,18243655,,
ALE964N7JM60JLQ8R,17743756,,
L7YSZK30ERJLRGK65,33687821,,
H39AZDLF3DL4XP65D,28748349,,
9YHZS4GSF72UZ74UB,113232843,,
SZB9MYH9EDRB4BUMG,108246051,,
YP8L2T9ZEEEDKMECT,66348229,,
5RH4VCL95S9UX925P,53792340,,
Z2JMA6LJHU5ZULKGK,43546733,,
FGLN1M6CU6QUC99YT,46942587,,
3UPUDXHRWT3ZFTK3T,45453899,,
32Q3AEDTLYW5YGAV1,39194712,,
YU6PY1NS1P26A9HXM,6928596,,
FLUS62TVQNNHURXKS,5409891,,
QY415DUSTCL6P2PK4,184908283,,
AQDKJ6C5BM1U2E0PW,172032401,,
S7ZT09HMM4ZZVVGFM,3185208,,
B1TS60RZBQPTXJDWP,3818410,,
UFCKUSJHV9BDP5H7Q,420535,,
GXYWQ5M4ECW9LU1EZ,268621,,
WPJR60FYMLY3Y0K65,81004193,,
97ZHZMM717DR15NB6,125544432,,
CRPHB3DRLN4NW7UBJ,44260590,,
0A9560TVA40BDYCH3,44114662,,
5LHUXPQE91UW0EMW3,116324278,,
Q6MPHQ7K3CCFAY5XE,139402546,,
XVVBH5T13XRHD0W9C,65373378,,
HFLQL4QS2P3EFTVPJ,58538310,,
YPWWPKTUS1EB7X1L8,58085039,,
D2S61GJJHHR993MT5,52792505,,
SV3UYLSEMC71V5XY5,62367572,,
51U4D07ZD2E7X7Q3Y,40705884,,
DBV3XD656C09F5GY7,322652178,,
Z3QF0XS7FFS4Z7R4C,271877444,,
SJHKNFRHPBUP8477P,4748496,,
216Q8WMKVL9VNGTA5,3418086,,
GDWLGM7N8SCLJ2XJW,32565096,,
6F3FP094Z75M6D3N6,37601558,,
MNRYNLALZAEET8Q92,56079124,,
KBF2DNB1NJ3C3M0LU,39704416,,
WYTAZXYPZLABT5LFS,21078682,,
3YWT8RS23R3SSG2P9,17545049,,
N9VJ4PJCMUD1LRTBS,56579702,,
0N62MZB6YRSW9BBDU,52780401,,
BJAM90QE9AFNY4FGD,94591851,,
AJHPWZ7X5GADXHY6A,85918615,,
DJPBMEMG9TBDVTF1Z,88409479,,
1TLEV3NWK0HAKCWG4,79395568,,
2KEUY6XF1FDEW3018,35022174,,
1V197HEJ1ZNRKQWW6,27444831,,
HKS1PMTJSAB62AUDJ,12962841,,
C4DBSLNY28APP6K66,11364476,,
AT07BN49NLS8575HH,53521294,,
7A92GFYC7NMX272TK,69408532,,
FC9F3JCH9F8WCUU43,384143534,,
B680P949JM3V8PU5C,406526906,,
UPD04JYD5RNJZS8ER,44600712,,
NRVNS31A5PG1DDDQT,40865686,,
W4Y0UXSQSJBUWEW86,106923318,,
PCZUXRCD7TP32JP0P,81933309,,
X80B6DYSV3YK9UBUB,46939358,,
F5CWGUUW4GHQ1ZSVL,48679354,,
KYSE755FH04JN3FXB,31880406,,
MUC88QLQBU0W38K3W,30440282,,
2E3MKFZF4G8B9SKUF,95212936,,
Q2SUCLRX0WTDA9F6B,75515963,,
X4A0SSKC7TNYQL1S8,8023661,,
NMT1ZVAPH1L5Q05PQ,8515553,,
PS5MP9QW0EKFHEHH3,302512,,
C2H16YEBDQ7DRCD4L,5915149,,
X8TNV6ES1S41VL78P,77150060,,
ASETX7P07A1J0NVAW,70978531,,
N7FA0PXWQTUUTPM66,172520426,,
H3UXWA0ZXVTJZAFWE,149290785,,
JKEJWTZNWQRH5HBDL,44086656,,
GV928A31BQBU59ABD,42925913,,
SFVDCD912D01RLBNH,6143504,,
W4D6WJ96CBCND3VWV,5595371,,
73DW3S38ESZESD131,9534986,,
6QVLGHCGSXSGC43U9,8028959,,
LRS7TVZ2V9K4UZ59J,12189010,,
ZFKWWXKQTFVW2HWLB,10362640,,
EVEFJX680JCM8MN6P,28159143,,
JX5X86LPRE4WE0ERK,19444530,,
0ENG3LKK21FVCSCJF,52292174,,
JE1LG6B0A8T62TBA7,45113625,,
WD3HU8KA50FXLLMFB,22239876,,
JSM8819KFAALC7XZW,20777492,,
95FEH5GA6WJ394UVS,41766000,,
RGUF9N3HQP5SAX6WN,41030891,,
2VYR8U3YGLZ1QCBLV,163865512,,
JX5YQBS659V890A1N,155177364,,
F1NYQJZ92RAQ175KJ,134189359,,
UAYCZJZLBM6B48RRT,120861810,,
84WS1PMY97Z6LLW24,107116578,,
3DVB000XH6Y282C86,116381357,,
GSTNYQE92ZQ8Z0A1X,2364079,,
QN94XMNG8DEFLMQGA,2246943,,
M2CCN00FLRNRF8CHT,57991836,,
2EVVZB9U8VEHDUASB,61439864,,
8XN4RAU82VW3N8F2A,27187502,,
LU55H14EFV10MZ32Y,24984729,,
7ND4BUT9KUUXXY3T5,15361037,,
CLVPJVMR8PJ01Q6GW,18390112,,
KFX8LUAHL45KQ9FMT,28312095,,
7A08DXGLAMRDZGSXU,20744220,,
RK6588T51AZAYY3V5,331279616,,
17C27FHQA4A86MGTP,287979372,,
PWEVT19D75YB6R5YE,31590329,,
MLNYHP75MVQEG3VPU,32989636,,
33QVFZ75EKJTUZH2H,178091768,,
TYEEA7K2TPNBSZEFN,155432579,,
MT1BH2ES0E04QGWWV,9515055,,
1F6QV79587ZEEDUZR,5526315,,
567ZYY9MREE8S3KTY,194101517,,
AL5RS3J9VY7316BEK,176479220,,
UDYK7NK3XEEE5KDZR,108921401,,
KAJ1D7WAQYFSDMCTZ,138506703,,
8VU4EX63DKY37ATDL,120475825,,
77LKFBHJ7C8J4SVXA,91258276,,
0U01SL1N0PXU49SKK,16727003,,
GX3ZR4H268SJJTCER,13678909,,
1K3R3N759CV0S5V55,137366244,,
VNKV3MFEDWV4GD7KL,166257388,,
YPMBA4GAT7JVSXH4P,58635102,,
K67TJWSC6ZADCMS6D,62709363,,
6M70LZ1FFZQA507QN,24191004,,
X2K1T22VE8MQE9M3P,20892044,,
PFTAXL0BWC4UAVWRV,895706503,,
R3X9EPUCQ6MTSX3R4,793062657,,
HLH3GZALCSM6F8ESS,17568759,,
BLEFEWFWT11E7271J,15328548,,
QV6Y0RQQ80LJAWEJT,182103368,,
9N5BSW1CEB5P4VQBW,180623676,,
TJM57SM0S1YW7VF0P,652550241,,
R79M3LAPDD9QBQ3JP,921730905,,
30RJG0C684P36D1YV,16935578,,
VB34L7RVM6LMDKVPU,14485489,,
XRSK9EECUBBVBCBKV,2983450,,
Z0FJ3JRZMFMR2LH2P,4214199,,
6S1P0UETKKEH1ZT3J,105450760,,
XTYTQH7ZX8WKWY5RA,130371301,,
H81N7LYCYW47MWUVK,1298658,,
68636F7PCRXD0G4T3,1342122,,
GB1D88VPL5FN683VE,34266914,,
FMXSK2AZYXM3GQNRA,38648327,,
YJ6LVG4XDAJ48DV5J,155707160,,
QMY6ER20HHACXUF6A,148443942,,
KHEBXWB35G3SKVN4J,71601550,,
LVYKK4S256F5NK0X9,49844008,,
K8GVHNJHBPVYMND9H,15695020,,
WVZ79ME0QXRYRHFD8,12598792,,
L8D20MK2E934XAFF9,9327023,,
9PFRUCS3YX8D2RK8L,6400572,,
47RR4TAWTFF255XHY,11206283,,
LGWMMZCKSN471XA86,11845393,,
9LCU5TPW1NVG1RZ9S,161666382,,
WYMB1R6XS84GTE8HE,133994060,,
098EN2JT0SUWNW2Q0,135939110,,
ZEHX08MYE03YRK0JV,122439775,,
BXTQ0RZRLU8ETKU3B,23867969,,
3Q171A7J2JA2HZ0MM,17528613,,
CGG0ZGKPDDPS3R077,167107433,,
E5DSN4LX79UMJNHBX,183190086,,
T71KC2ARFQQDX3JAZ,12314040,,
QHKUC7HG9ZHJ06LF5,13275341,,
5SR393LJTPRG3YJA5,210491629,,
WCGML01L74SHUHXCX,189239853,,
LEQBA8WMQQW4840R7,33800082,,
UCPXBH1CVSU36GSF8,41802359,,
3URMGD01DDVFBU61Y,24436597,,
7QF49HRMFVSW0GM16,25862945,,
Q6JCSUWQN3H62DZ8B,8772759,,
1F1234SE8DMHHSVJB,7736266,,
14713UEDKMYAR9X4H,23380958,,
XRAPHB3P6HA50ZTF7,22480858,,
BSV2RCS9DM6DT0P3A,1835985,,
5FKT7F42KZ7AX9S6C,1754924,,
D87DXNZ40VDMZZ1W9,109142435,,
X83XWG0CVW10F7BRF,107697494,,
QQX8HVVWJHT7BMR74,41989276,,
F9P7TZ0K4MBN3CC8B,51650769,,
44BB7QWE868AWL26W,162202049,,
H23SPPD56713WXNAC,164430764,,
VQ4Y3L1Y46KSD9BZ6,39901668,,
YMHX8M87M8NC8ET0Q,30007692,,
RM2FFVXRS3R6DP322,166899432,,
G2E19KH4Q956SB340,167342750,,
0H423RANM17506R5Q,38505352,,
6ZURMPZBHTCQE28EZ,41550677,,
ZX09V82EEER6ZD0UU,31553548,,
B58F53350FD7UAFSU,44224732,,
7FVB78P4S8Q1ABTTE,111077431,,
LALDVBWBE6581C7G3,108320824,,
UNKQX0WVVG9E8EMX2,72117829,,
E4MMVN057LAT8V7S4,53652765,,
SY7CZDTTSEF256RMR,32333194,,
KLKJ3L9C945H2VLW5,27060841,,
6Q6ACTK31AV73CGQH,447454774,,
FNDQSA6YW1V5K911N,399594245,,
AYMG2Z1JAAG3115XF,23818140,,
3HWB8CLKRG0QF2310,14288565,,
9KJUQ8YQGBTKF87PJ,19804660,,
YK0RVFNQ356E3ZQ0X,21965270,,
L1YLMFP5FGYFYPZPZ,56127597,,
RA151MRZ8X542GUSE,65819479,,
28NDDMP15QQWY68N4,353458196,,
UEHM7Q6YRRP5BMV5Q,333993999,,
0VEN76VM0C7865W8F,14628622,,
64U9P11W5DL9RU60F,7836138,,
CGCNVY158CK2KY0AK,16935849,,
X5LB6TP5XMPVMDFNV,10095666,,
Z8439UNTNY501GUHN,144729550,,
LPWN72FUUFRNAS1PW,121908963,,
ZFP1DZESWL9W8N5H0,96551087,,
V9T83SZNE3WR06WJ0,125208124,,
3LG5BZXJ6AP94H3MG,25599690,,
DWDFY978D2H24JAH4,24054634,,
FU860YEYN39XFY07T,9665605,,
TASRV065NJNX58ZGH,10624797,,
C531R47YV8Z8FWRRC,80000031,,
MZAA0MEKG4CGBU3R8,69997649,,
79HZN4T54XZG1JM4A,11522438,,
RGG3JPU3M08B0A6SG,8081276,,
CDHNUDTGB2VDNUN4A,22779459,,
R91BTTB8Q8XPRB60C,14881448,,
A2CUHKGLJ8C3ZHS6H,51611894,,
L2WC92SNRQT9T3917,45149520,,
RSRUHNC3VUQ1D6TXZ,33492041,,
FL697VMXUP01ZWUMJ,31582484,,
ZQP1E074RA86XR1ZW,214758326,,
3Y362WBYZJ0R5UWL4,182643510,,
ZX0N5A0P9E5D5WHA7,19569440,,
6NJMVK0YHLVCE44TW,49961002,,
N8AEGTNWRNL9LY2SP,52007386,,
S5MXZYHT7GL8DL224,16613539,,
EV1RGYQ7B70RY1KMX,1104043,,
RT2SV0CL3WXYCQQU4,1165002,,
U6243G8AJ71AG47UW,22761127,,
XN5N5K0BFRLWF5MWS,20913832,,
6MNUDM1KVW6Y5B55M,43946895,,
1Q98GFHEE67XM4EGR,30098321,,
WWYHDHH621G01205A,28020512,,
PD7J4XVVF0R8Y8005,16743050,,
CZQSCYVAVG4WDCVFY,335358418,,
NZZ8790M50UHZYNSA,374985535,,
PHSL1172KFJ25GU2U,90963135,,
UAGT496MC00XRK0Y8,77394168,,
RLDGGTL1W1J54BX7J,23152862,,
PMY89CDRN7V3FNBJX,22246401,,
4HU7QR3GHTDU174UH,36373179,,
37CNXL9NJNNMVZ0AY,34566902,,
LS7H9HEB96HFNMNY0,35927635,,
U05YZUNQS0NUEJW78,35347924,,
GFBUL9CXTV3B48A8D,24762044,,
L3X33RCVJKBEFP77H,21789828,,
WDZLMQW8G6Q6ARSDZ,24390050,,
DMR7D31QDCGFQC7NF,24282265,,
HVZAYWP87EWF1Z0DN,19410731,,
TZ7XFT2NCBY0K1FJT,21619593,,
Y92J0P5B2702QPJMR,186831243,,
DN6830PX1TSN8EDSJ,216942466,,
V8WEQJX6WVXT3YLYZ,344705203,,
GZG2EFQZNXSMBR8QH,309838549,,
1YJCCLM632M3T6Z0Y,105905357,,
FGXHF79TS60703U5Y,108959287,,
P21QQT2ZU6E3D6XR2,10685367,,
6HX63SMBKLVXR1JPG,7949323,,
KTDBU9LC44EE664Y8,28557946,,
M6LG13XV776GS25ED,28514196,,
VYHF51D5FT4SL4T69,172696329,,
D8NJ150SWLJLUF3ER,172529322,,
14GVCUMZT9227F4WM,24848623,,
TUZ2HNRKVTGRJD9F9,17488160,,
3L6M1FM8L0EWT91EU,30424568,,
EAZ4DVSNWN8TJKX52,5975972,,
8W59ZYJN4KCQYP611,44013017,,
FU2FNG32WHAMS061X,43454876,,
2Z6L0QU1AHV0VRPZ3,17066427,,
YS09DA76UYC5AFCJ5,12136706,,
YUZ2LNKKJRJMSQ6MS,24510467,,
G2VM0Z49S6VGMCLMT,24806587,,
MTRSQ41TH5DF3HR8W,78533370,,
055D2C0MA06YCK4FK,49571015,,
ERHGBAP4S2L9C4MBP,45453197,,
GXN70GULFPGBZXXH2,47344955,,
SKZGFJNYNB8N03CN0,3674124,,
Y6DF6C4QA66Y6ZY45,2678778,,
KAT94S3XB6364Z4EU,46628192,,
V8ABNWNJWEHJAV59P,55101690,,
DTWPPWBJJMB78PLUK,15863989,,
PSHKRPG3BKUBKJR62,15714260,,
KMMHL5ZHYW0VERYLV,88643650,,
XP7459BAHP58TVKYL,93790604,,
96D58T237YQS9QQ1T,103460827,,
65NL18G2FP6AJFFJ6,107909862,,
D1RCRBF6PREYAJ6YS,10805514,,
6GQLPM5UP7N2LUPY5,9950713,,
WPU13P4HRC8QY77EM,29165206,,
XC9XMUEWJ4BW3QPRW,20056529,,
YRP6583FU4VX06FYM,56027790,,
1C4PXNNUG4R61JW9S,56124820,,
GV86GLT3Y018J15RQ,20043105,,
S5G17EFDBAMXE1DEG,23015682,,
M2V0F2SPL5KP6J8BT,20702020,,
3Y1L44AS22JMLWRFE,16518911,,
SYP06W4F1JDVL55FR,239458814,,
QKFAD2BLALLTG1Q8E,215776696,,
ARWXYVJ7HS6GJTRZ8,46253936,,
AA9GUVRA8A1PS3P63,46000818,,
1SRB5K12HK5XW1FVX,92115072,,
HLFJTLV8VP13RG5M3,104399978,,
CDXCK8ZCCB4JVGWRJ,2003546,,
6D9CDNW87GJYYR786,2482173,,
QHFGX55H92D38LUKH,232781836,,
UXWTE8ECU6P78K8PT,118345218,,
716UGR5P1USNQKWLE,22010534,,
C7BB377MTWJ2HN95E,18615475,,
3FQN4B1M7PYGZ0Z2R,37582354,,
9NWFJW8ZM9X3C94P0,25730413,,
RLJ8YQAXWR9GL0ZVU,144606837,,
VUV4R3RE2GVSVT0TM,131862525,,
Z1MWDK7L0ASCEPH14,90608752,,
9529Z8RMH46VZ26MG,81446080,,
2V9FRFUEA3L5B0H5Z,16764074,,
LEZ3F482UP3QRNJN9,10473184,,
LPC5HAC4GF7JHHDEK,8743494,,
P2R51ZKZKDDGVL17M,8081728,,
34XB7Y2P0LQS4JDF3,7749904,,
Q0F7NFCX8KP6J6XB8,7814813,,
4KTFDYQC0Q9NDBQVZ,94634275,,
SUCYY1LLA640LYDQZ,84634259,,
TJ9NT2JVEUQ4J3CPB,351644455,,
KPJ2U3NKYA7C7EGCJ,305686395,,
3L2DUV3L1NUF7C56F,29791346,,
AVH5FGZMGHMHTWTLB,19713257,,
3ZKYMWY3SMWNPQLE3,3480110,,
GNGHE24Y29B341JU6,2111371,,
M3TNGF0DUMBH9MRWB,141491492,,
NH6LNLLXLYY1WS41N,138742374,,
XQ9NRNVXRSY1KL4BH,7590380,,
TWU7M69WG5VPHTEVL,6584402,,
80P8NFE8ETC3JT5YH,339323454,,
RZKET928Y7F94ALVN,325934404,,
R7ZF5S3WNHE9DFJ8R,42242751,,
24PEVT94WXZ5WF2Z6,38914470,,
RWNL6N5UNBS98F8ZJ,153623640,,
WEZ7ZCV9U4SRED2GC,119799588,,
BKBDJDGN9M0ELY4CV,1522663383,,
TUE1FVZJ8GJJSR169,705043095,,
QGREN345EB13A8R6G,41551112,,
RW1K9WPGEDQKQ3BWF,26132069,,
9E6W68ZS5VY1X2NDF,255134006,,
Z1RGAPHQ92B4S4GD7,163038933,,
X2RDD03SWQAPQAJ99,137965390,,
JN15MV7CMCLRR51A5,113674547,,
TBRKEK6SWKQQQKX5F,37886902,,
5SLKD3ENMEN7B738U,47524566,,
790SL34AYBBPKUUYV,32085724,,
ACDTDLMK7D3TY6PY4,21356520,,
17461SFRFUCURFXBM,71261144,,
TCBJY2M8P7A536V2V,48610288,,
221ZKPELYWTHDC684,27919225,,
41WQ85X5NX8BNGSQW,16932207,,
4923YFA7D1J3K4UTL,158920409,,
FAJUDQLA9Y6SJETXJ,133263246,,
BKRU6EBRTK9Z5M6VX,20544485,,
DKJWP6RYSP1EUZ4PP,24270690,,
S5MFXNEPGBHZPSFPA,7547752,,
PWC6LNAQ1080318TP,6736171,,
M10RLY1D9QTM5K2G4,19540232,,
J8398KTRXPP4820N6,18516707,,
32VMH2R65LV74TH85,335884417,,
TW5QYT2U1XBB8GSLC,423830733,,
0GU14EYKW9CGBG2WC,64325991,,
M27XQ855RRGVRS8F2,30690901,,
4LW0CTL983Y5VPM2C,4331522,,
WNFEMLWHSARDM9TZW,3973405,,
WN2ZGT51AG0BDEMKN,10074874,,
AUC0H50CMJMZY6Y0T,7451741,,
E9RJJGXLCQT32JJCJ,13524240,,
ZY900UZJ4UH0WCYQU,13131551,,
LJMQK4UF8SLWXEDJW,7955513,,
2CUKUZBFF3CNZUHYN,8957811,,
N6260VKXVJPD4G0XP,173705008,,
PMPK6XDZ2CB25NR1S,157452636,,
YFB3W3FMYQVWB1428,26457001,,
J3FV1NENDLRX69B6U,26544038,,
SK81MT6Q31R25LQQ2,37045881,,
SQDHPJYVKN2ZMUEZV,26641096,,
AQAYBKN4T1DDXDL8X,28853146,,
DM7UTUTEHPEVGAH1V,34963222,,
4JJ8B1QHVD33G0XVC,16711923,,
567QAYQTBPE2UDUT8,10406393,,
ASRN70CSB7211WN34,85148767,,
4MDPT8ZTH40Y0W8FU,69760600,,
00TQDDD41310SP6P7,209512955,,
KMYVFXYAFMRDQY1E0,223735130,,
5K77EJ4HW3M8HMTMV,39315662,,
SBCNSXGZDLD8FL3GB,33998455,,
ETV4FU0ZB8T9T39R3,29959480,,
D5SQYH7C5VZXWZ12X,18489811,,
UDT0YMQ1KAG72Q2V2,85013636,,
UH2SKYACJVHZ7Z7F4,110843862,,
SLST8HL4M0N8NY43J,76500878,,
PCYYP1G7ZZ9DXLES5,75376473,,
38L30U4Q822WLTJ3R,43282580,,
H6JNMARLHJCGLHAGK,53787585,,
XFW9UXH1AQW2SML8D,32461223,,
BUYG7DZ4GSCMKNMVR,28355725,,
RCBKG5SE0WLBLZ5T7,254636436,,
DTT7LY7K9JE8VU69W,208092810,,
CDQPUZ85YGY78AAFC,1093605,,
U8GSWW6HMM3FCNR50,606651,,
LXVD4WVP2EDE3VYJV,81452070,,
HERHL9T8W3BN6H97X,106775040,,
LGFZL836V9SW754K1,55504402,,
6AC6A6S203J9UU9MP,61042998,,
GDWZKXS7KY8HY8PN7,19813647,,
2JYQHYDF0RG6K7UK1,21474896,,
KQP5LXNWCCTBQV59T,146459703,,
8XJVW23GAN42ZM9ZB,143597738,,
384QTKVCCJ5PKC7M6,68469629,,
K26EXS4TAAUT0K3LH,56318043,,
90D0KTA5F9XGYG23A,3384863,,
53TFFDRS1DY8HZEXK,3345275,,
24HX06KD2LPZL3ZR2,60380852,,
KQ839UPQCV6398HFP,40255166,,
J8T50389R9CTP6NRQ,17246959,,
ZKNX9NUU69W4MELNH,9372105,,
NAAF35SB7V71MRG5J,39925652,,
DBZKYD6YXU5RRY90Q,36598359,,
1QX72TRLRSC9WRJ2L,46544797,,
7DB8X5FP9DASLU734,42764695,,
6JS4ZGRVP8JALP7TJ,98771962,,
RQ91AB62ZBMVRQH14,127935136,,
FV1RSBM4CGU4Z9JUF,125061176,,
PHN26ZSJLWLREQRWX,111147098,,
8KX862L83F0WXMPNF,10856059,,
325MSK4GQEM6UKL7W,9967800,,
GLR3AB1ZJUH5QHG5C,250533280,,
Z8DQG388L33AYDNHJ,241440021,,
0F3VRSAHQWXSU0TXA,250481961,,
Y89AGDN4TQQ35ML9X,187182665,,
VX6HSANQA5NVMF5Q0,36104454,,
3HEPBZRNAL2SGJHZD,25916476,,
VMDBX70SW8TTME4EB,186017468,,
C75DPL05XT5PBLAFF,204516248,,
KPDATJ1K7Y0NRG82T,8304730,,
BQYE4KY7DAVG36344,12051259,,
JJGMPGPE03M6HP8FA,31877602,,
61MRAYNZ3HKU432GF,31026188,,
67M365KHMSRV29Z9G,41450214,,
LG5Y9NUCF0C10GRH1,30994093,,
H5CSDLE4KUZKWWYC9,1719695,,
4HCQUN3LCYHYXNA8U,992013,,
85PCWV90LNR0PBNDA,58572381,,
1T2YZYZ0SB3HKMLNL,52332626,,
U851M50919KA40Z5N,41056076,,
3WWKR22SM8PXBCL26,45989677,,
G6LSK93UX8BXQMM6U,53315242,,
0RD6AVFGUFVZPNUW2,47576245,,
X9R0K60KURR0QQM5B,95779786,,
ENZ9L8S4M6RQ1KUVQ,76965062,,
VA0U1N3G45ATY9BJ5,7695532,,
9KE9EZHXV5GL5K137,8947427,,
XTYW95PMVQ9FJH2AK,244314361,,
LZBX96FB56WDL68CG,204228492,,
13DABD0QLWNMZ5VHN,66078230,,
L952K5JV5F5FAH108,60328906,,
ER4L66TTQA8JVEUA5,26224216,,
7PUT2TFAWRANV8QTH,30009518,,
40H5L6FHJ01FPBE0S,36771846,,
2F3P3JE19XZLN1WCR,43548805,,
BP9W2CFXVBHYYGFVX,11155776,,
RNBGFWW7SR2D26DJP,8328521,,
ZSURTB74TQN5LD558,85767038,,
JLTBCBBW50Z608S5E,72056490,,
0WNB0JPKQ9UZBBWMX,28704685,,
TR69WML51H7V17XDN,33520130,,
GFVKWWB4DDZSKAMWP,43128993,,
VCESM90YTKK52ZTJ3,25087371,,
WMPHNWUDRJ9Q3LPF3,9062841,,
UZ99QVF894HJ0F18T,8286202,,
2D0JUCHCUSN4LW8P7,85850390,,
Y28JFNLMBFLJ371AK,74929608,,
HQXUF9RLTJ03S8DRT,114040600,,
S298EPXS2ANEEXMK6,99336807,,
VBS3B9MTP6HEQ10EY,86099052,,
7T7239KXKT1HZTNG2,92458854,,
0FQ6H9G6FHUR6WYCR,341051082,,
D0JV3DYPZYMW6V76S,322552595,,
1TURC9W4MQBWSRB1C,46662334,,
72MFKEZ85W3PAUXAF,47463355,,
D6ZXX8V2KBHB373Q9,13339294,,
ZFQ6DF5H5GYRT6Z94,7588467,,
X727E233B6Z0HW737,208916588,,
RPUJJJ0EDDBEHKBFU,154055899,,
CTCQPAYWVT7JZFSP5,1591867,,
T2NU4AX5LJ46SRX7K,1435551,,
EVVAMKL53R9JJL6ZR,72173829,,
K630424WRAHHP17YW,56591135,,
07FPQKM1723GQDKW4,30613132,,
90VYC9FVWY1XLZK7U,49094909,,
69SAT50RPQDRNAP55,62203196,,
5X1JAWMTQHTNKZX6G,59134111,,
68K2FDWCR2ARM3L1K,19424473,,
PXRTALFES9D96NU0Q,17495104,,
KYY42MAV5AT7P3U5K,16471526,,
DTKZ7SWPLJPWFC1EL,13393687,,
TDWX3HSG1R0CY1UGB,133456543,,
65JTMLSZW8MGT5SZK,105117077,,
CYA56NE7JP997PZ44,217445381,,
QK9MGA2P6TPVRKC6Q,181754854,,
45ZUTEFEQ6KB5KCBH,16388403,,
5FFP7LH7PLFARL7KG,22642691,,
V558NPCK6A6MYLXNX,269117295,,
71B50F9NLAP5AAPG0,200996687,,
ATK4TJURWLX2LQ4BN,167089516,,
JA1TAULU2Y4X1CDWP,125759698,,
4TS8UZFGRGXS6YSSG,65517322,,
KMZH2WDZX9BDVHGJ9,64980272,,
USPJAUYL8FFGY99EC,187484357,,
SPRRHTKMSQHB7A3M1,169273034,,
5B48FSS83EWJYF6DW,41663697,,
YP6LURCLWTU094C97,52632445,,
VCY68Q1RVD3QJQ7H3,127504447,,
QLCXQ5UWXAJT4GZ8A,97520973,,
EPANRPLLLTDNKN9K0,71185071,,
STKP7KQVPUCAFZRTK,69204477,,
J2CKEB4JV2E0DR32X,155332405,,
R9N55VV7WP2VV5UNF,125300219,,
9UW24XTAKD2MFT3EA,279911823,,
WB3ZJNK2KX1T3GLUB,313938694,,
5JN9W07R7DNVP93QR,44139628,,
NX67EY8LCWY1W1Q4Z,39487484,,
2T0RNCZPBWCCJVS0F,12463137,,
MU9ZQGHLHG8KDA9XD,11857922,,
T948T3N1P4TXAFYLT,42290921,,
AG6JVH5HCPG84M3T6,37382323,,
Y7H0RYJUT7ZHVGCUG,198133682,,
JFN6Y3FP4BUNBEFBX,183376346,,
ZGP9LTMWUU4NTD934,206535909,,
M10DS8PA2T7MWVCEU,203007690,,
FSEFFLDU9GWRBSK0H,45751164,,
S76FK7LBYHW4AXZX9,38346974,,
AT9WQYT516Z3JXJJJ,60235677,,
SUPL16GG9VRD2FX3T,61527102,,
YB2GJAC543AGGU0FB,57076238,,
SA0AY7SBXYA515VTP,51941024,,
E4SK6AWF22NJBP13H,8272360,,
2A858BGFX6K85EVTM,7489258,,
LCTGAM5V8B8DP360T,187076140,,
UN77BJ0PKJ6C00HK3,23661854,,
UJW0AC1THQTEGGEDX,25576406,,
AKX8DJXN06GAPB0F5,187794703,,
ZV5YUCHQBC7Z6CWP5,30420995,,
45AD56VWJN7G6RH60,39457362,,
88RZ4PAU8BWLB67HS,372134395,,
3F2ZJ2FSMMFUTHJ23,344058399,,
4NW8XJTFNN2KZWNVF,23109745,,
YVQ51HVYJETGS2FVM,26197459,,
3BFJ3D89R4JUU67RF,54360463,,
R0KBUMPXTURHF1V79,55629991,,
LERG0JVGUW9A7AKR6,86800027,,
6ZWKQUE8ADZFE3T85,79452207,,
JTQJJHE16T1REUX3X,1491660841,,
2BEUK6F33KE94WJZQ,1726980607,,
S64QMP4MC9UPXSSPH,6979897,,
HSCP218VNW65UXK46,6538820,,
F6MPJZMCHK9E42PFZ,51929608,,
ET21CRQQ62TPLM0A8,65637465,,
LU972ER2VS2BC4RUT,42899182,,
UC02SZPF0PFHWKP3G,57973130,,
2J93M0UEWHWE8D2FN,339375672,,
BM04YSU6BS1LH5G03,190713035,,
7X1SVFX8WEN86YTTQ,278047697,,
55CLRLEXQMHFDZ5DD,268632235,,
LG6C4WTP24XRC0245,26767370,,
HGA64DSNED4N7HLDX,16716706,,
8TYKL371SNSKHYPQG,34084761,,
4AX87SEXPBB32ANNK,33208024,,
EHWNZALGSCT1T0GDK,22314531,,
2E1PSSWBYXD6ZL7H4,17544211,,
NGHAVXFFTQYSZGP3Z,78721486,,
WE47JNALMSVYMLR9Z,84392419,,
M8WDC4DUVPE0DFCD9,4866810,,
ZETKPTCUP7QKNJUM1,5301548,,
G0QHU5N8BVP7J05FR,39865048,,
7KYJKQ483T38MUK1D,34591674,,
M8LR9DX8S0HT8X4LV,14167225,,
QB08Z3BNK3SJ9DXN0,28902112,,
TDJBZYDVXZW2VD6X8,25718978,,
CAJ5YD3Y0CLKTB986,27664177,,
377AMSVSREWR1SSP8,138769081,,
NYLZVBKL9CMF2SYB8,115905642,,
TCVUQ4T2YV7M6307W,100698301,,
WD06EST2S26DHD7GQ,109926027,,
0TMSGB8D5NLHM11L1,9459834,,
JLF0LL1PCVF5EBC73,8577269,,
PQ8AQ0Y0Z1UFKU4W0,36229813,,
48PB88N18CN07M130,23372423,,
1EAMVFV756AJD8CY1,7750729,,
61ETE5GKMS1T7P7F7,6730712,,
VE1DCFHLSQXBEGZPN,160510683,,
Q1C0X870J1AAZL6YE,165108027,,
GEKHSA7Y1E3VD0ZWY,49377054,,
4N2L2Q5WR0UYNAYS6,39782307,,
0N79PUJZH2HP3X8ER,50061376,,
TRUQKWLFASW34L5NB,52917429,,
C2MAX8MSRM0ASYL9B,13747093,,
2TMCHMNAXH7AKTQU2,21458630,,
T4ZS5L20H1KD9CX6A,317766122,,
6QDRAHY52713BHSS2,303950606,,
7JDNYP0KPHTQBQBWH,29183351,,
JWC1G6SQDB8Z03S00,25262803,,
6AYR2MQA3ZL89T5GW,31620078,,
BTK8ZMBCD0PCAVFY5,31258908,,
UGCYZN5XUMWEFXN1T,43203631,,
GNV526DUYV81XEAK9,41292723,,
60SFH43DMQDDJV94G,21807365,,
JGJHQVU16D1AVKWW7,16647106,,
ZLPCRV3N0YA377WPF,51002531,,
C4WMN15DDY1WPZ3TX,84621836,,
W0CC29K63HRUEEZ9H,18987149,,
WL07Z6SU70CL3YQ7V,16519888,,
1VT1PUT19EE1V3R0S,440705649,,
D4867GC3ZBHRZC1UD,433354149,,
EVP8KHX0GB02C5Z8D,40094336,,
V0EV0V3PRN8BYG4XQ,44113505,,
6C96XTK533SZ22G9A,596112672,,
5CZ0AJGAD6M99TAV9,546961301,,
TCBC0QXS6GT0HCTFQ,177018416,,
TAT19DB0T9JZQ6MX0,195881028,,
VSJ16M1NTQ99ESQH7,493579898,,
BZHSSAJBVKH8Z169D,535688917,,
KCBNDDC535UQQ9434,19066197,,
XCLLTM2WVDVJCZ2RH,19040889,,
2DSSRLM9QMW1JN2MU,32944752,,
SA96QXVAFF5VL5HCU,21908308,,
VGJNUJPHMWH4NJFZ1,5255911,,
R7K04171DN6YKTH4P,4057904,,
JGP86UPEQWDJAT6T2,92951128,,
MQCTG2GL7ALLMA5JD,76046655,,
S7JQSR5FVLNR5DGJK,14294915,,
WECK8NKH7PN94LXRJ,11496183,,
E0XRKN1MA9AF8E353,4389399,,
8ZE7ZWGMCKQSVHX3Y,3902541,,
U7ULYXX776Q2GB609,120285478,,
NRE6UU4R8CWX40G3J,108468262,,
DV8FTG9LA6QPSNQQP,40688846,,
3DQPX1JEKVT35E3CQ,36417179,,
9S58Z3E1R64M5TLT4,124001363,,
E97SVSB1TZQF6T6GT,109046017,,
9T3E86YEKTVP2L0MK,220386412,,
XM1JQED8XNF4E20ED,219000121,,
5ML04J0S1YRFVCYDH,79896131,,
409X6R9ZJPRDJ4YE4,61043071,,
EATP2CEE5FF91SMMA,32536201,,
75WYQVSUFSSYS5UV8,33262078,,
36JZQ8GDVXDG62H1Q,7708694,,
AUCVJBRLS8VQHD1W2,7180944,,
MPNRA0YHA6Y98W0TX,23812590,,
8UKGNF13EDBMP2FJA,21238420,,
Y7VDSKJM5ETTETM09,590319,,
55BV0DDW55SH53ZYU,580459,,
ANFACX5DV49HXFZL9,509882854,,
V75140DL6SFX8DWSJ,438959707,,
NHGS8XSNS0TJEA2XW,28534269,,
FYDSMEZ6E4PJZVUA0,22444450,,
Q389W6XN1WFH1T471,31839167,,
VQXNUBTVC3AG64SDD,28512067,,
7ZTLYESCUGUW4GHL0,153486485,,
NG39M2R271GY0FQQ5,171257921,,
43CXR6PN5TJ4KC76K,257768521,,
Y3L2XUL3HSWTVB9T3,193306612,,
HV2R7F3Z19NFBKKTN,44389027,,
SM6BEAT8K0GGRR5A5,64535289,,
FDGMG16P8RYAG9HJT,53745727,,
C1F5TG4Z286Y78Y76,55681495,,
1CS57TE387CJ6VVRT,25992448,,
DL8EEU38NE3PCLQB8,23380029,,
BQEVN0FC3X1GT7C5Z,29007194,,
211V8WPFLY2UAG8G9,35055681,,
6M94DGZ1HJHZ8ZGWV,79398464,,
BDQNQW41PY0GNYD8A,79378541,,
W669UHTVJH7P721QX,51001614,,
76P5Q54CJFU79N1XA,57249810,,
6R587Y1FT68YLZ8H7,21786077,,
91L873ELHXN9KDHF5,21362437,,
6RRS0F9451AYVPG0E,137939325,,
NKEQW3RCCPWUZRPE0,108411138,,
69FBJ1ECV101M4J3K,14195032,,
XY1CWQ2HPAX2ZFQ7A,14156303,,
9ELB1FEF5VGB77GPK,19066545,,
JXH8HURANMHXYPNEC,15070059,,
5TLCWTRFSKLKFE8TS,128469215,,
A7T66H36A7Y0FQTGW,140646714,,
3RJYK3HMVF6GVPDPM,140567630,,
XMFUHKXMKSCUD2VT6,136541621,,
0MWHFEHCPSH9VM3RQ,188952428,,
ZLYH9EMY0AS94N3A0,171509763,,
6D1GT5T1MZEY5Q0HU,169027160,,
DVW3GBXTGXBPXHC4E,86758797,,
8TMYTGFNNNSSH59EX,93016245,,
F6VJUHSNCGW64X8MZ,147922443,,
X4S651EACT0HS3HDK,134540016,,
TBWXQXGNFZ8CKXL9E,93330537,,
2F442UY6LW0WPW646,109819333,,
7HA9EZV0G5UN5VM7J,114439309,,
8X8W29T00VNGFT58W,45447881,,
0UKKMHRYQ0S3EB5VL,64022286,,
Y3WFB17D5DYR3CB4J,48935327,,
HS4UZCRP4HN8VUF8H,59124997,,
AYZ19SYRKKFD9B2ED,153056200,,
ZKSJ0VHK9QPPM440X,136051467,,
6VB8R9LLYYMF9EXSP,56096242,,
6DHM1PYUX5NP0W3G8,61150019,,
9ZKN3HXQA2ZFWWFKC,43924994,,
MX7072G2N5A6YQ5U5,47007791,,
527FGCB24QWGHK6QZ,48089600,,
MX6XFF3GLQ95E03MZ,43372275,,
12VJ7XNV20FSJBN9G,50081422,,
54VANSCWKTSSZKV99,46024958,,
2RFNEUPYCE69PH41V,17506267,,
S6R07U1NG5F1WQ78Q,14027519,,
VRP6559PU4UFSFK5A,7075070,,
DVK48T7WHEHLLN1QT,5944953,,
T51RM3X4MSWUJ9XX3,52352468,,
LCST1N79YFQZH01Q0,53245494,,
JKYW1CCMZBQNS7HTZ,46366961,,
88U6HCUUYR9JSX9JJ,49446342,,
LWD7Q457P3URVEHNK,68094853,,
YDARKX6UKLLCQGUET,79598568,,
5RUK43DHE6VPR42DS,199109579,,
4PK9K6L94BAEQ75UV,191489227,,
CQA3SWV6UX8WC1AZS,22846562,,
Q0E7TH275ZF7TJ4FX,10023459,,
RAFX255846AWGRG20,6944733,,
FDNET7D5JMV6N7X5T,5459731,,
77QVJ2GD6RZ0E2RM1,7085182,,
NX4K63UPRFSG083AX,6569071,,
ELM95PVAR1DPZHRC6,93702731,,
7BCVWF4YQ32UMFT0D,71120188,,
70TTDVDYDTGQUBKXY,58985879,,
SVDR96BJGFRBM184F,69608888,,
UCJZK90W6RRX3717D,35418709,,
XTPQRNE9GPRRJCEA8,41086034,,
FDSQBA8HCKVH8BDM3,190838684,,
67ET1N3QARGAJVQXQ,187695209,,
0K7XAFU0XM36PE77L,33745422,,
VD3Q9PQZVV7PQLXNM,24806209,,
JN1XJWBHVYVCXKSG1,24673531,,
GARD7JAZUEDRS9682,23588467,,
PNAEUTUPM43L8VF0N,77348420,,
TJ8V7N9LDTB8YSHEF,83964290,,
UW4E0YB20V7G2KBJ8,85595324,,
6BZ6A5SQZB1J0F2BK,96066364,,
94J5JBL7PXZU39PEM,43395468,,
C4T49W5JVLJ20RL0R,43026368,,
CW6F6DPSNADH7ZNAR,12192630,,
NN2EGY1ZGU7MS51C6,10831569,,
SGZBDURHTD4K3GTSB,13511293,,
B17GYACWZA0MZ0VG1,11448742,,
7XS3E5561J50EQUK4,221226695,,
WJS7AWXC8SR6UF88W,224122992,,
C8NS93KXR9VG1FZUL,112161761,,
V8LE6YKFM0ZMCTD0W,100702009,,
J2F26DC49RNFJ75MP,8663234,,
X028BUDZSMR5F98Q4,8310137,,
V663MZ6GP10G2VH9N,15702435,,
15FAH3321LM0WA09Y,10511541,,
64LEC4HVLL8HRWC3A,4167469,,
68RWCETRH4FPZ1LFA,4415916,,
SY71CQQDZWVXE3BYF,NDA,,
PPS1TM6SBH5F78W7F,NDA,,
LDD7JBQ6ZSGL8JQC8,5070452,,
QVEA7D4NWP8HKNZYJ,6162379,,
NYB2PHE7482XSWXGG,437534795,,
QJ64JRTB0Q7V0737X,244148622,,
UWKCV1ZHU6WH43Q0W,19412361,,
WWEMQ62SPX2KU5Z2M,15922809,,
LG5JQ3QM92H8HXBSU,7175911,,
0AFKR8Z8RB1E03MP7,6754253,,
PCXMP6WXN8XDDAPB4,11234864,,
64SN8LURTRV7NKW4A,16887869,,
5485ZKP9NP5RLXJXQ,8528922,,
ZN3YPTU6M3EV5E848,49148143,,
RBFB0MP4780005XHV,46715856,,
WMLUY7NL9S1EEWBAQ,9827633,,
S9FPTDB1VT3VZPC56,15762126,,
D1AYF0RFNL6GA4W5V,15021953,,
GFQTXMUSCBBFZLES6,39269226,,
A2ZN8KX4RQPN82ARX,39204160,,
VYRXN8ARBSXB4YBAT,149453516,,
HVPF3AH7MU4NCVDEK,139076403,,
FA4N0902B81TVRL2Z,40162901,,
SE2XJ1H22NZLZBARA,39014479,,
QH1V8YTJXT17NKU9V,17549537,,
GWFU7TEFKWLT7MT9L,17530025,,
S03SQK8LDS9KVRZ8Z,378714716,,
SW0SHF4S18H7KFF6W,347687342,,
PQWB74KHW8BZSC37M,6280647,,
DY6C0ZEBHUZMRGPJV,NDA,,
X1TPSJLPY113C3D7B,12442981,,
E7P1H4P0XNAC223HL,9561088,,
ZSLHHBSWY44CGH1R5,105332923,,
E84KYA9BQFVCMWGDH,66383292,,
Z63EW364NAG8EYDRZ,226384509,,
FLFK2M9LKGD4NNJYK,183979994,,
JR7FX0LEL3830Y4X7,68790697,,
R5BBFSC9FQHRCE266,68036738,,
BP205CNQ9TU8HZCFA,11320045,,
KGK7WTQTA389DRRPM,12746642,,
MKSUBNA7ZVX74EPDY,34331248,,
P71G21D4GZ132SMAM,29495012,,
KYHJZZ88PLRNBKY7A,124110629,,
R9CUPLHGDK1SNEAEB,116869678,,
BYDHGMDZQET9GF2PJ,43786275,,
L39NR3A85BXULH3B5,35820440,,
9RSQRKH1F69BN6LV3,18081147,,
FPNH1UGNXKXZ4811V,11372895,,
SPCQ8CT9Z0NL8NB62,28305329,,
0GDA3UK24YV36HHZ5,23626350,,
8AQLSKBWFRYF5ZN0Q,13490412,,
RER49U74QA5ARZUYD,12494248,,
F5P7R7ZH9Z9X7QJ42,117124070,,
5WN02FSVBVGS1U8U8,112219547,,
UHJTW4QV0J3URHH4L,181503339,,
MQ59RSALZFQU1NWMU,190653747,,
2QXXK4PN3J5QXUBC4,29760111,,
Z2Z3AQSC3H0F02BJR,41013119,,
U0Q5CS06J3DLEQZSV,21727518,,
AEXY4Z1048BZJDY0W,20197094,,
Y7SDXKGK171F97UJ3,5646953,,
NJ79C3BW3LWCMQF2R,4059296,,
3QYKLYPA429DRAUSW,1897110,,
W7QUVRM44YG8V8596,2028353,,
JYZTRQLWDLRZXD94E,3153305,,
PEP1SAU49U3W4N7FS,3061825,,
R0KLQVANEMD5SRZDT,27861221,,
5W18BX8Y8APUYYMJT,17539183,,
V83V862U5Y5220E3C,181640100,,
BW4NZ3RT0VLRMXJ3T,157272515,,
RSE2X05XXNPAFY0ER,3679071,,
M6F7M9LKBDTATB84G,NDA,,
TE75L13W14QERZ231,15147512,,
UZZF9UYXMBFGVV7YJ,16739512,,
QYW8ZF00LFXQGRC2N,12169730,,
GBPELAPAM2CFCV4LK,10020455,,
8S93AE95VVBK9Y3MS,22403044,,
GATXPPXU4AXSNE7EY,18288779,,
W4W401YU32HJ3FJ4C,0,,
A7ZW7Q1F6KFKEZG1D,174026,,
6JLMCZ334SZTM6BC1,186433986,,
AMHPQKNGMSQBD8PZK,183701165,,
DH2RG6KGR2ZYU9202,70365322,,
3FY848QWH46AHA3H4,56877485,,
Q0JG9EK5GRR6X9BCM,67496597,,
KANN9GT8REG60WUAM,90949387,,
LADCAT6QUSC5SQAEQ,47427704,,
PTXW97H6Q1QVPG7J8,35162899,,
7Q7EMN0DG69ANVHJ8,149442694,,
2XUHFGYMRU4U803RM,152517860,,
NCM0SSXAF8J85AJ1T,484970895,,
00A9KTLCTF54WCZ1J,522119160,,
QYU4NCY2DCW7Z4WTS,119679899,,
DUHJ56CMJEETE0J85,118110530,,
94RUSDHQMMW5VMKD9,309513714,,
0BC9LRMQARWCDT80E,241004471,,
PSY92AR08GE6G1LM7,17494451,,
M4XQHGJ1XUK985HYL,20958460,,
3LKRLX86L59KCUN8A,26369606,,
741WG1ECNHASLRE1C,44812938,,
KLHGG7BN700V8ST3W,182458664,,
TNPTVLEV6Q90PQ94E,115111346,,
KE3R32JK8E239HNYD,31889195,,
6QARKWPWZ8KWYGUL1,24586933,,
R28R9UXP5ZMVADT6T,361841359,,
F1YUKYKWAQNZFUJ90,355247951,,
W1WUEGG0G6EDD6FLQ,26300134,,
JC8TK3EHR6B8YU681,25576306,,
QHDKBCAAZ3W64NJ76,68924117,,
0LUS59D77V7KA3T2V,33957695,,
18K15K70LM7FP1L51,24065738,,
PGCSCK0QQ1W27LPJ1,23797148,,
UGM1D4VATHDE4C2NJ,59637497,,
5F0CRTCQAGRLYAEAM,54808036,,
3QXEUZ3QAGHDNYX25,86604889,,
GVPJNNA7E04XKN423,77519707,,
EDGE5AKQCH2JE9JH0,8730225,,
UG4A4ZC413ML3NDUC,8179781,,
5ADYX6HBE7MLLSTPN,149834005,,
FWW9MSFYSLLMYXAND,146387108,,
6CT9NX8MFUBKYPYE6,68576445,,
B9Y2MBJB42A3TNV3N,54366185,,
Q1ESVYLKWGMR4BDBM,5801111,,
ME2ZS0ZEFG45SKLM4,6379420,,
4BY5PZGB24DRDL162,193529530,,
0YK65ZB0VXJKAN78M,172282487,,
C6QGMT9W4DV5NT3KL,113227585,,
DJAD7B4XTQJMX1BVB,100170608,,
CURVJGYF4Y3K2DBTA,53583612,,
Q0UH38VDPB9829G6Z,54515795,,
K81GV2RANHRZ1AVQ5,237844279,,
5JE2UA7XYBMHRP3NS,218346427,,
A6XK6K21DN67BLTL2,34298553,,
GYLXAZF1C8LMRLDHC,53628983,,
TS3MR3ANV5P5NPMXL,36358,,
376DVN6D3U1FPBW02,34958,,
1WHX9ZHNYASWJZCBA,60662795,,
BAZ10ESX7TQW7NNTX,66616010,,
HZEN8Q30TGMQ08544,54084696,,
40XX372K3MMW8LWC3,56228509,,
AFJYUXJCKX000MPTQ,161584186,,
G9LYA8H4ZM9P4UQ9B,125451213,,
2KNULXGJ4TU6AMMPC,42462800,,
F8EWKNNRL6FKDH93E,29433640,,
NFFX9YA2ZMLV9VVQ8,34982806,,
JFRB0YVMMQ8872UBB,36711383,,
006LEF2UX2QK7HKJ1,3547876,,
5YGMDT7RT0WX1P9RE,3254256,,
M7Q62MZUG7Y2UATVY,175808284,,
MFKV3WA7K6CA9AQEC,158994846,,
VS8RTM7JZSPDJN1U8,115305565,,
UYVLSZ5J7XAGS7LVE,79940468,,
BWZWFN4V1ZCXXLAK0,54412026,,
7UPJ72BDD9AQZVK00,39094423,,
N704CRERPDGG8ULR4,63947005,,
ZJLC9KWQMRSA703Q9,55392985,,
D6KXBGYQ6XRT8F89U,37915055,,
HDDQHCMQSLTJZHQ8V,31269629,,
Q64XQLXDKBK7KZLU5,437585539,,
ZSACQPVXCR3YQ8E2U,392603078,,
N2TFM993HUPHK4WDK,86689195,,
9MLS0S6NKGVK37JQC,41832378,,
14JQ68ZCJ5TL85CRY,6463017,,
0F7QA21M98FURRZKK,5838247,,
EB4M6T5J5UMZU617W,23168138,,
S2HDMKKRHBWB7M4NH,18781884,,
H45674X9R5EG6YRLW,103074959,,
5YD9JRAXEYAKE6LGV,93843653,,
B6CVQR3RW357HUQPT,464625,,
0FSZK8HU8GDDB27RB,576642,,
AQMYL7RLAPLQF4BWM,93567914,,
F9805FFBBK58TEWGP,81225670,,
4KFD07H5DNYCU38MG,68947076,,
Y9FY003BX8UTPYVJP,65770872,,
JZ080XRCM4ZH1S7U5,148727981,,
HGVMKXSA51Y7JQSZH,136014332,,
MR8D0KLTM00MQRLKC,148876799,,
SDV1UTYEUB88L8V0G,86010142,,
XATNDA137NDC431AA,236904098,,
67UCQD50F8DA7M3MD,197326991,,
FB0BJN30L65GC878F,46049,,
HDL0E3V7JV5P4C38U,36151,,
K5M92990HVF8N9ZCE,190820416,,
L6UVTGN76XGVXLWFV,156814215,,
PGWHXWZKRZKDFN0P3,45521027,,
NC4V38EX9R8XV371R,44262351,,
2G1D1CLTZN1ZAJG1L,146416159,,
QXB9BF7N3T1K2WUR0,127667205,,
Z4JKSPQX9YHFKXESM,15353038,,
DSWWT9AGS3MTCV32X,12648860,,
VDLBZ5X69ML7ED5D7,51432742,,
6JBQVC55U1F6P31YG,56144525,,
WA14Z0LK25M223161,18495685,,
SPV6GBYH35DNSJ9G7,15032828,,
A0K3TPX395EY1QGZH,42266240,,
L3474AW4JQNVF74CR,52922670,,
T6KYHT6CUS6KQ43X5,33008881,,
6E6JCG7DN1UYKF81R,22373555,,
ATKCF9ECBJUFZYZT2,2465015,,
TCLE33FG767YPWRDL,2338637,,
CC97F4M9C3RT31U6Y,1962227,,
GCGLH8BUXECW7BY9A,1866920,,
4V3BXV1EQM6HH7JCN,79656145,,
Y4KHS51HQ09YW1DQS,70397099,,
J8Y3LY0WAHVZXU6PR,3170852,,
24VWNZ3ZD6K660G27,4236150,,
JGLPHEJ9BBB431ZTA,145481147,,
356GX3W63744YTB6N,118175582,,
4RNKGM5CY4Z4SFQWZ,5243419,,
8XGPEXL87NX3HUVV6,5117016,,
JMNHTMMFEN89SMUSF,694198957,,
B6N54G8BXQYRNK81D,638613832,,
W63G51Q2DDU7RF8GS,46095046,,
RC2B5NA8PST0WZY2S,40621215,,
XMVUT2PYJRAYHK1AR,11867209,,
WY6BND7HAEE8DAWD9,12099547,,
QB7UNK1ZE7QF12DG7,51634166,,
NLBQF9MVG1PSXHK5Z,42804288,,
VFY5853Y9JCZL9X1Q,58570824,,
C717FJP55UAPAXL1G,57957485,,
3DJ5A2RBBA9LWQXTK,12226168,,
EVP4T0J2G3MJPTSC4,4920212,,
DEPZ4474B876BBJVP,4389362,,
SAKMPW36JHQKFPW7J,3769211,,
D1XH2DYEDK5J8AW00,30452584,,
TNW0LE1NM44K0U5TU,36292197,,
CN3UWLXDQQJNQS4DD,5429266,,
BT4YX47KABR0UU07X,5745623,,
RZJWLMYJY90VRMHZD,42108637,,
EH35QSDTRMAHH9FYK,45245750,,
KVPX9NGCD5KUY0DBM,12423175,,
YARESN0W2RTB4K601,24133311,,
FFG2YH9F94FJP9NMD,111771836,,
M78RZCT1PBZ0CPC5P,98656677,,